username,comment_text,timestamp,like_count,video_id,video_link,source,cleaned_text,tokens,polarity,sentiment
NewsWatcher01,This report is important. I hope we get more clear updates soon.,2026-05-05T14:03:00Z,18,GPIn5FQnypk,https://www.youtube.com/watch?v=GPIn5FQnypk,sample_fallback,report important hope get clear updates soon,"['report', 'important', 'hope', 'get', 'clear', 'updates', 'soon']",1.0,positive
CivicReader,"The situation sounds serious, but the video needs more context and facts.",2026-05-05T14:09:00Z,11,GPIn5FQnypk,https://www.youtube.com/watch?v=GPIn5FQnypk,sample_fallback,situation sounds serious video needs context facts,"['situation', 'sounds', 'serious', 'video', 'needs', 'context', 'facts']",0.0,neutral
PolicyTalk,Good coverage. The public deserves accurate information about this story.,2026-05-05T14:15:00Z,25,GPIn5FQnypk,https://www.youtube.com/watch?v=GPIn5FQnypk,sample_fallback,good coverage public deserves accurate information story,"['good', 'coverage', 'public', 'deserves', 'accurate', 'information', 'story']",1.0,positive
SkepticalViewer,I do not trust half of these breaking news clips anymore. Too much panic.,2026-05-05T14:21:00Z,7,GPIn5FQnypk,https://www.youtube.com/watch?v=GPIn5FQnypk,sample_fallback,trust half breaking news clips anymore much panic,"['trust', 'half', 'breaking', 'news', 'clips', 'anymore', 'much', 'panic']",-1.0,negative
DailyUpdates,Thanks for posting this update. Please keep following the story.,2026-05-05T14:32:00Z,14,GPIn5FQnypk,https://www.youtube.com/watch?v=GPIn5FQnypk,sample_fallback,thanks posting update please keep following story,"['thanks', 'posting', 'update', 'please', 'keep', 'following', 'story']",1.0,positive
WorldObserver,This is worrying. Leaders should avoid making the conflict worse.,2026-05-05T14:40:00Z,9,GPIn5FQnypk,https://www.youtube.com/watch?v=GPIn5FQnypk,sample_fallback,worrying leaders avoid making conflict worse,"['worrying', 'leaders', 'avoid', 'making', 'conflict', 'worse']",-1.0,negative
MediaCheck,"The title feels dramatic, but the details in the clip were useful.",2026-05-05T14:55:00Z,6,GPIn5FQnypk,https://www.youtube.com/watch?v=GPIn5FQnypk,sample_fallback,title feels dramatic details clip useful,"['title', 'feels', 'dramatic', 'details', 'clip', 'useful']",0.0,neutral
PatriotVoice,Strong reporting today. People need to pay attention to national security.,2026-05-05T15:03:00Z,31,GPIn5FQnypk,https://www.youtube.com/watch?v=GPIn5FQnypk,sample_fallback,strong reporting today people need pay attention national security,"['strong', 'reporting', 'today', 'people', 'need', 'pay', 'attention', 'national', 'security']",1.0,positive
QuietReader,I wish the comment section had less arguing and more real discussion.,2026-05-05T15:17:00Z,4,GPIn5FQnypk,https://www.youtube.com/watch?v=GPIn5FQnypk,sample_fallback,wish comment section less arguing real discussion,"['wish', 'comment', 'section', 'less', 'arguing', 'real', 'discussion']",-1.0,negative
GlobalCitizen,Very concerning news. Hoping for peace and responsible decisions.,2026-05-05T15:24:00Z,16,GPIn5FQnypk,https://www.youtube.com/watch?v=GPIn5FQnypk,sample_fallback,concerning news hoping peace responsible decisions,"['concerning', 'news', 'hoping', 'peace', 'responsible', 'decisions']",0.333,positive
FactFirst,Where are the sources for the numbers mentioned in the video?,2026-05-05T15:37:00Z,5,GPIn5FQnypk,https://www.youtube.com/watch?v=GPIn5FQnypk,sample_fallback,sources numbers mentioned video,"['sources', 'numbers', 'mentioned', 'video']",0.0,neutral
Viewer2026,Excellent explanation from the guest. This helped me understand the issue better.,2026-05-05T15:49:00Z,22,GPIn5FQnypk,https://www.youtube.com/watch?v=GPIn5FQnypk,sample_fallback,excellent explanation guest helped understand issue better,"['excellent', 'explanation', 'guest', 'helped', 'understand', 'issue', 'better']",1.0,positive
ConcernedTaxpayer,Bad news if this escalates. I am tired of crisis after crisis.,2026-05-05T16:02:00Z,12,GPIn5FQnypk,https://www.youtube.com/watch?v=GPIn5FQnypk,sample_fallback,bad news escalates tired crisis crisis,"['bad', 'news', 'escalates', 'tired', 'crisis', 'crisis']",-1.0,negative
OpenDebate,"Interesting segment, but I would like to hear another perspective too.",2026-05-05T16:13:00Z,8,GPIn5FQnypk,https://www.youtube.com/watch?v=GPIn5FQnypk,sample_fallback,interesting segment like hear another perspective,"['interesting', 'segment', 'like', 'hear', 'another', 'perspective']",1.0,positive
MorningCoffee,"Great update. Short, direct, and easy to follow.",2026-05-05T16:26:00Z,19,GPIn5FQnypk,https://www.youtube.com/watch?v=GPIn5FQnypk,sample_fallback,great update short direct easy follow,"['great', 'update', 'short', 'direct', 'easy', 'follow']",1.0,positive
HistoryNerd,This reminds me of earlier international shipping disputes. Context matters.,2026-05-05T16:41:00Z,3,GPIn5FQnypk,https://www.youtube.com/watch?v=GPIn5FQnypk,sample_fallback,reminds earlier international shipping disputes context matters,"['reminds', 'earlier', 'international', 'shipping', 'disputes', 'context', 'matters']",0.0,neutral
NoMoreDrama,The coverage is too negative and makes everything sound like disaster.,2026-05-05T16:58:00Z,6,GPIn5FQnypk,https://www.youtube.com/watch?v=GPIn5FQnypk,sample_fallback,coverage negative makes everything sound like disaster,"['coverage', 'negative', 'makes', 'everything', 'sound', 'like', 'disaster']",-1.0,negative
SecurityFocus,"National security stories are important, but accuracy is even more important.",2026-05-05T17:12:00Z,20,GPIn5FQnypk,https://www.youtube.com/watch?v=GPIn5FQnypk,sample_fallback,national security stories important accuracy even important,"['national', 'security', 'stories', 'important', 'accuracy', 'even', 'important']",1.0,positive
CalmAnalysis,Helpful clip. I appreciate when the report explains what could happen next.,2026-05-05T17:20:00Z,13,GPIn5FQnypk,https://www.youtube.com/watch?v=GPIn5FQnypk,sample_fallback,helpful clip appreciate report explains happen next,"['helpful', 'clip', 'appreciate', 'report', 'explains', 'happen', 'next']",1.0,positive
CommentReader,"Some comments are angry, but the topic is serious and people are worried.",2026-05-05T17:36:00Z,10,GPIn5FQnypk,https://www.youtube.com/watch?v=GPIn5FQnypk,sample_fallback,some comments angry topic serious people worried,"['some', 'comments', 'angry', 'topic', 'serious', 'people', 'worried']",-1.0,negative
